,Product Name,Product Price,Description,Ratings
0,"vivo V15 (Frozen Black, 64 GB)","₹26,990",6 GB RAM | 64 GB ROM | Expandable Upto 256 GB16.59 cm (6.53 inch) Full HD+ Display12MP + 5MP + 8MP | 32MP Front Camera4000 mAh Li-ion BatteryMTK Helio P70 ProcessorBrand Warranty of 1 Year Available for Mobile and 6 Months for Accessories,4.5
1,"Xiaomi 11Lite NE (Diamond Dazzle, 128 GB)","₹29,999",8 GB RAM | 128 GB ROM | Expandable Upto 1 TB16.64 cm (6.55 inch) Full HD+ Display64MP + 8MP + 5MP | 20MP Front Camera4250 mAh BatteryQualcomm Snapdragon 778G ProcessorBrand Warranty of 1 Year Available for Mobile and 6 Months for Accessories,4.2
2,"Nokia 8.1 (Blue, 64 GB)","₹28,831",4 GB RAM | 64 GB ROM | Expandable Upto 400 GB15.7 cm (6.18 inch) Full HD+ Display12MP + 13MP | 20MP Front Camera3500 mAh BatteryQualcomm Snapdragon 710 Processor1 year manufacturer warranty for device and 6 months manufacturer warranty for in-box accessories including batteries from the date of purchase,4.3
3,Good One G5605N,₹999,32 MB RAM | 32 MB ROM | Expandable Upto 32 GB4.57 cm (1.8 inch) Display2MP Rear Camera2500 mAh Battery12 Months Warranty,3.9
4,"Nokia 8.1 (Iron, 64 GB)","₹28,831",4 GB RAM | 64 GB ROM | Expandable Upto 400 GB15.7 cm (6.18 inch) Full HD+ Display12MP + 13MP | 20MP Front Camera3500 mAh BatteryQualcomm Snapdragon 710 Processor1 year manufacturer warranty for device and 6 months manufacturer warranty for in-box accessories including batteries from the date of purchase,4.3
5,Nokia 105 ss,"₹1,525",4 MB RAM | 4 MB ROM4.57 cm (1.8 inch) Quarter QVGA Display800 mAh Battery1 Year Manufacturer Warranty,4.3
6,Micromax J22,"₹1,132",32 MB RAM | 32 MB ROM6.1 cm (2.4 inch) Display1000 mAh Battery1 Year Manufacturer warranty,3.9
7,Cellecor E8 Plus,"₹1,396",32 MB RAM | 32 MB ROM6.1 cm (2.4 inch) Display0.8MP Rear Camera2750 mAh Battery1 year warranty for device and 6months warranty for accessories,3.7
8,Nokia 105 TA-1473 SS,"₹1,299",32 MB RAM | 32 MB ROM4.5 cm (1.77 inch) QVGA Display0MP Front Camera800 mAh Lithium Ion BatterySC6531E Processor1 Year Manufacturer Warranty for Device and 6 Months Manufacturer Warranty for In-box Accessories Including Battery from the Date of Purchase,4.2
9,GFive U707,₹749,32 MB RAM | 32 MB ROM | Expandable Upto 16 GB4.57 cm (1.8 inch) Display0.3MP Rear Camera1000 mAh Battery1 Year Manufacturer warranty.,3.6
10,Micromax J22,"₹1,125",32 MB RAM | 32 MB ROM6.1 cm (2.4 inch) Display1000 mAh Battery1 Year Manufacturer warranty,3.9
11,Cellecor E6+,"₹1,236",32 MB RAM | 32 MB ROM4.57 cm (1.8 inch) Display0.8MP Rear Camera2750 mAh Battery1 year warranty for device and 6months warranty for accessories,3.5
12,itel MagicX Pro (4G Hotspot),"₹2,365",64 MB RAM | 128 MB ROM6.1 cm (2.4 inch) Display0.3MP Rear Camera2500 mAh Battery2 years warranty on mobile device & 6 months on accessories.,3.9
13,DIZO Star 500,"₹1,845",32 MB RAM | 32 MB ROM | Expandable Upto 64 GB7.11 cm (2.8 inch) QVGA Display0.3MP Rear Camera1900 mAh BatterySC6531E Processor1 Year Warranty,4
14,Nokia 150 TA-1235 DS,"₹2,499",4 MB RAM | 4 MB ROM | Expandable Upto 32 GB6.1 cm (2.4 inch) Display0.3MP Rear Camera1020 mAh Lithium-ion BatteryMediaTek Processor1 Year Manufacturer Warranty for Device and 6 Months Manufacturer Warranty for In-box Accessories Including Batteries from the Date of Purchase,4.1
15,GREENBERRI VIRAT,₹799,64 MB RAM | 64 MB ROM | Expandable Upto 32 GB4.57 cm (1.8 inch) Display2MP Rear Camera1000 mAh Battery1 Year For Mobile,3.8
16,LAVA A1 Josh 2021,"₹1,099",0 MB ROM | Expandable Upto 32 GB4.5 cm (1.77 inch) Quarter QVGA Display800 mAh Li-ion Battery1 Year Manufacturer Replacement Guarantee for Phone and 6 months Replacement for Accessories in the Box,4.1
17,A10E,"₹1,299",4 MB RAM | 32 MB ROM | Expandable Upto 64 GB4.57 cm (1.8 inch) Display800 mAh Battery2 Years Domestic Replacement Warranty,4.1
18,A10E,"₹1,299",4 MB RAM | 32 MB ROM4.57 cm (1.8 inch) Display800 mAh Battery2 Years Domestic Replacement Warranty,4.1
19,GREENBERRI RAFALE,₹899,32 MB RAM | 32 MB ROM4.57 cm (1.8 inch) Display2MP Rear Camera1000 mAh Battery1 YEAR DOMESTIC WARRANTY,3.9
20,DIZO Star 500,"₹1,699",32 MB RAM | 32 MB ROM | Expandable Upto 64 GB7.11 cm (2.8 inch) QVGA Display0.3MP Rear Camera1900 mAh BatterySC6531E Processor1 Year Warranty,4
21,itel MagicX Pro (4G Hotspot),"₹2,365",64 MB RAM | 128 MB ROM6.1 cm (2.4 inch) Display0.3MP Rear Camera2500 mAh Battery2 Years Manufacturer Warranty on Device and 6 Months on Accessories,3.9
22,GFive U707,₹749,32 MB RAM | 64 MB ROM | Expandable Upto 16 GB4.57 cm (1.8 inch) Display0.3MP Rear Camera950 mAh Battery1 Year Manufacturer warranty.,3.6
23,Good One 2192,"₹1,099",32 MB RAM | 32 MB ROM | Expandable Upto 32 GB4.57 cm (1.8 inch) Display2MP Rear Camera2500 mAh Battery12 Months Warranty,3.8
24,LAVA A3 Power,"₹1,339",0 GB ROM | Expandable Upto 32 GB4.5 cm (1.77 inch) Quarter QVGA Display0.3MP Rear Camera2575 mAh Li-ion Battery1 Year Manufacturer Replacement Guarantee for Phone and 6 Months Replacement for Accessories In the Box,4.2
25,Nokia 105 TA-1416 DS,"₹1,599",32 MB RAM | 32 MB ROM4.5 cm (1.77 inch) QVGA Display0MP Front Camera800 mAh Lithium Ion BatterySC6531E Processor1 Year Manufacturer Warranty for Device and 6 Months Manufacturer Warranty for In-box Accessories Including Battery from the Date of Purchase,4.1
26,Good One G5605N,₹999,32 MB RAM | 32 MB ROM | Expandable Upto 32 GB4.57 cm (1.8 inch) Display2MP Rear Camera2500 mAh Battery12 Months Warranty,3.9
27,Cellecor E8 Plus,"₹1,396",32 MB RAM | 32 MB ROM6.1 cm (2.4 inch) Display0.8MP Rear Camera2750 mAh Battery1 year warranty for device and 6months warranty for accessories,3.7
28,LAVA 34 Ultra,"₹1,629",24 MB RAM | 32 MB ROM | Expandable Upto 64 GB6.1 cm (2.4 inch) Display0.8MP Rear Camera2575 mAh Li-ion Battery1 Year Manufacturer Replacement Guarantee for Phone and 6 Months Replacement for Accessories In the Box,4.1
29,Nokia 150 DS 2020,"₹2,614",4 MB RAM | 4 MB ROM | Expandable Upto 32 GB6.1 cm (2.4 inch) Display0.3MP Rear Camera1020 mAh Lithium-ion BatteryMediaTek Processor1 Year Manufacturer Warranty for Device and 6 Months Manufacturer Warranty for In-box Accessories Including Batteries from the Date of Purchase,4.1
30,Micromax X412,₹914,32 MB RAM | 32 MB ROM4.5 cm (1.77 inch) Display800 mAh Battery12 Month,3.9
31,I Kall K29,₹906,32 MB RAM | 32 MB ROM4.5 cm (1.77 inch) Display0.3MP Rear Camera2500 mAh BatteryBrand Warranty of 1 Year Available for Mobile and 6 Months for Accessories,3.8
32,Cellecor E6+,"₹1,236",32 MB RAM | 32 MB ROM4.57 cm (1.8 inch) Display0.8MP Rear Camera2750 mAh Battery1 year warranty for device and 6months warranty for accessories,3.5
33,GREENBERRI VIRAT,₹799,64 MB RAM | 64 MB ROM | Expandable Upto 32 GB4.57 cm (1.8 inch) Display2MP Rear Camera1000 mAh Battery1 Year For Mobile,3.8
34,Nokia 125 DS 2020,"₹2,225",4 MB RAM | 4 MB ROM6.1 cm (2.4 inch) Display1020 mAh Lithium-ion BatteryMediaTek Processor1 Year Manufacturer Warranty for Device and 6 Months Manufacturer Warranty for In-box Accessories Including Batteries from the Date of Purchase,3.9
35,Kechaoda K66 The Music House 4,"₹1,330",32 MB RAM | 64 MB ROM4.57 cm (1.8 inch) Quarter QVGA Display1.3MP Rear Camera400 mAh Battery1 Year Brand Service Center Warranty,3.9
36,GREENBERRI RAFALE,₹899,32 MB RAM | 32 MB ROM4.57 cm (1.8 inch) Display2MP Rear Camera1000 mAh Battery1 YEAR DOMESTIC WARRANTY,3.9
37,Good One 2192,"₹1,099",32 MB RAM | 32 MB ROM | Expandable Upto 32 GB4.57 cm (1.8 inch) Display2MP Rear Camera2500 mAh Battery12 Months Warranty,3.8
38,Nokia 105SS PLUS,"₹1,422",32 MB RAM | 32 MB ROM4.5 cm (1.77 inch) QVGA Display0MP Front Camera1000 mAh BatterySC6531E Processor1 Year Manufacturer Warranty for Device and 6 Months Manufacturer Warranty for In-box Accessories Including Battery from the Date of Purchase,4.1
39,GFive U106,₹749,32 MB RAM | 64 MB ROM | Expandable Upto 16 GB4.57 cm (1.8 inch) Display0.3MP Rear Camera950 mAh Battery1 Year Manufacturer warranty.,3.5
40,SAMSUNG Guru Music 2,"₹2,499",NA ROM5.08 cm (2 inch) NA Display800 mAh Battery1 Year Manufacturer Warranty,4.3
41,LAVA A1 2021,"₹1,129",32 MB RAM | 24 MB ROM | Expandable Upto 32 GB4.5 cm (1.77 inch) Quarter QVGA Display0.3MP Rear Camera800 mAh Li-ion Battery1 Year Manufacturer Replacement Guarantee for Phone and 6 months Replacement for Accessories in the Box,4.1
42,Cellecor E10,"₹1,353",32 MB RAM | 32 MB ROM | Expandable Upto 32 GB6.1 cm (2.4 inch) Display0.8MP Rear Camera2750 mAh Battery1 Year Manufacturer Warranty,3.7
43,Cellecor E7,"₹1,327",32 MB RAM | 32 MB ROM6.1 cm (2.4 inch) Display0.8MP Rear Camera2750 mAh Battery1 year warranty for device and 6months warranty for accessories,3.2
44,Kechaoda K66 The Music House 4,"₹1,330",32 MB RAM | 64 MB ROM3.66 cm (1.44 inch) Display1.3MP Rear Camera400 mAh Battery1 year brand Service Center Warranty,3.9
45,Snexian GURU 312,₹699,32 MB RAM | 32 MB ROM | Expandable Upto 16 GB4.57 cm (1.8 inch) Quarter QVGA Display0.3MP Rear Camera800 mAh Battery3 Months Company Warranty,3.4
46,Cellecor C60+,"₹1,313",32 MB RAM | 32 MB ROM | Expandable Upto 32 GB4.57 cm (1.8 inch) Display0.8MP Rear Camera2750 mAh Battery1 Year Manufacturer Warranty,3.6
47,Kechaoda K112,"₹1,508",32 MB RAM | 64 MB ROM | Expandable Upto 32 GB6.1 cm (2.4 inch) QVGA Display0.3MP Rear Camera3600 mAh Battery1 Year Manufacturer Warranty,4
48,Micromax S114,₹962,32 MB RAM | 64 MB ROM4.5 cm (1.77 inch) Display0.08MP Rear Camera1000 mAh Battery1 Year Manufacturer Warranty,3.8
49,Micromax S114,₹970,32 MB RAM | 64 MB ROM4.5 cm (1.77 inch) Display0.08MP Rear Camera1000 mAh Battery1 Year Manufacturer Warranty,3.8
50,Micromax S114,₹980,32 MB RAM | 64 MB ROM4.5 cm (1.77 inch) Display0.08MP Rear Camera1000 mAh Battery1 Year Manufacturer Warranty,3.8
51,Micromax X415,₹999,56 MB RAM | 36 MB ROM4.5 cm (1.77 inch) Display0.03MP Rear Camera1000 mAh Battery1 Year Brand Warranty,3.9
52,Good One G5605N,₹999,32 MB RAM | 32 MB ROM | Expandable Upto 32 GB4.57 cm (1.8 inch) Display2MP Rear Camera2500 mAh Battery12 Months Warranty,3.9
53,Cellecor E8 Plus,"₹1,396",32 MB RAM | 32 MB ROM6.1 cm (2.4 inch) Display0.8MP Rear Camera2750 mAh Battery1 year warranty for device and 6months warranty for accessories,3.7
54,LAVA GEM,"₹1,699",0 MB ROM | Expandable Upto 32 GB7.11 cm (2.8 inch) QVGA Display1.3MP Rear Camera1750 mAh BatteryNA Processor1 year manufacturer Replacement for device and 6 months manufacturer warranty for in-box accessories including batteries from the date of purchase,4.2
55,GFive L228,"₹1,099",32 MB RAM | 32 MB ROM | Expandable Upto 16 GB7.11 cm (2.8 inch) Display0.3MP Rear Camera3000 mAh Battery1 Year Manufacturer warranty.,3.3
56,Cellecor E6+,"₹1,236",32 MB RAM | 32 MB ROM4.57 cm (1.8 inch) Display0.8MP Rear Camera2750 mAh Battery1 year warranty for device and 6months warranty for accessories,3.5
57,GREENBERRI VIRAT,₹799,64 MB RAM | 64 MB ROM | Expandable Upto 32 GB4.57 cm (1.8 inch) Display2MP Rear Camera1000 mAh Battery1 Year For Mobile,3.8
58,Micromax X708,"₹1,315",32 MB RAM | 32 MB ROM6.1 cm (2.4 inch) Display0.3MP Rear Camera1450 mAh BatteryOne Year manufacturer Warranty,3.9
59,itel It2171,₹999,"32 MB RAM | 32 MB ROM | Expandable Upto 32 GB4.57 cm (1.8 inch) Quarter QVGA Display0.3MP Rear Camera1000 mAh Battery100 Days Replacement Warranty, 1 year warranty for Handset & 6 Months Warranty for Accessories",4.1
60,Nokia 125 TA-1253 DS,"₹2,225",4 MB RAM | 4 MB ROM6.1 cm (2.4 inch) Display1020 mAh Lithium-ion BatteryMediaTek Processor1 Year Manufacturer Warranty for Device and 6 Months Manufacturer Warranty for In-box Accessories Including Batteries from the Date of Purchase,4
61,SAMSUNG GT-E1215ZKAINS,"₹1,749",NA ROM3.81 cm (1.5 inch) NA Display800 mAh Battery0 0 0 0 Processor Processor1 Year for Mobile & 6 Months for Accessories,4.3
62,GREENBERRI RAFALE,₹899,32 MB RAM | 32 MB ROM4.57 cm (1.8 inch) Display2MP Rear Camera1000 mAh Battery1 YEAR DOMESTIC WARRANTY,3.9
63,Good One 2192,"₹1,099",32 MB RAM | 32 MB ROM | Expandable Upto 32 GB4.57 cm (1.8 inch) Display2MP Rear Camera2500 mAh Battery12 Months Warranty,3.8
64,Kechaoda A26,"₹1,049",32 MB RAM | 32 MB ROM | Expandable Upto 16 GB1.68 cm (0.66 inch) Display800 mAh Battery1 Year Company Warranty,4.1
65,Kechaoda K66 The Music House 4,"₹1,330",32 MB RAM | 64 MB ROM | Expandable Upto 32 GB4.57 cm (1.8 inch) Display1.3MP Rear Camera400 mAh Battery1 Year Brand Service Center Warranty,3.9
66,Cellecor E10,"₹1,353",32 MB RAM | 32 MB ROM | Expandable Upto 32 GB6.1 cm (2.4 inch) Display0.8MP Rear Camera2750 mAh Battery1 Year Manufacturer Warranty,3.7
67,Cellecor E7,"₹1,327",32 MB RAM | 32 MB ROM6.1 cm (2.4 inch) Display0.8MP Rear Camera2750 mAh Battery1 year warranty for device and 6months warranty for accessories,3.2
68,GFive U220+,₹725,32 MB RAM | 32 MB ROM4.57 cm (1.8 inch) Display0.3MP Rear Camera1000 mAh Battery1 Year Manufacturer warranty.,3.6
69,LAVA Hero 600i,₹899,4 MB RAM | 3 MB ROM | Expandable Upto 32 GB4.57 cm (1.8 inch) QVGA Display620 mAh Battery1 year manufacturer warranty for device and 6 months manufacturer warranty for in-box accessories including batteries from the date of purchase,4
70,Kechaoda A26,"₹1,049",32 MB RAM | 32 MB ROM | Expandable Upto 16 GB1.68 cm (0.66 inch) Display800 mAh Battery1 Year Company Warranty,4.1
71,GFive U707,₹749,32 MB RAM | 64 MB ROM | Expandable Upto 16 GB4.57 cm (1.8 inch) Display0.3MP Rear Camera950 mAh Battery1 Year Manufacturer warranty.,3.6
72,Good One G5605N,₹999,32 MB RAM | 32 MB ROM | Expandable Upto 32 GB4.57 cm (1.8 inch) Display2MP Rear Camera2500 mAh Battery12 Months Warranty,3.9
73,GREENBERRI VIRAT,₹799,64 MB RAM | 64 MB ROM | Expandable Upto 32 GB4.57 cm (1.8 inch) Display2MP Rear Camera1000 mAh Battery1 Year For Mobile,3.8
74,Micromax X512,"₹1,149",30 MB RAM | 24 MB ROM4.5 cm (1.77 inch) Display1750 mAh Battery1 Year Warranty,4
75,LAVA Gem,"₹1,689",32 MB RAM | 32 MB ROM | Expandable Upto 32 GB7.11 cm (2.8 inch) QVGA Display1.3MP Rear Camera1750 mAh Battery1 year manufacturer Replacement for device and 6 months manufacturer warranty for in-box accessories including batteries from the date of purchase,4.2
76,GREENBERRI RAFALE,₹899,32 MB RAM | 32 MB ROM4.57 cm (1.8 inch) Display2MP Rear Camera1000 mAh Battery1 YEAR DOMESTIC WARRANTY,3.9
77,Good One 2192,"₹1,099",32 MB RAM | 32 MB ROM | Expandable Upto 32 GB4.57 cm (1.8 inch) Display2MP Rear Camera2500 mAh Battery12 Months Warranty,3.8
78,Kechaoda A27,"₹1,040",32 MB RAM | 32 MB ROM | Expandable Upto 16 GB1.68 cm (0.66 inch) Display800 mAh Battery1 Year Warranty,4
79,Nokia TA-1174 / TA-1299,"₹1,570",4 MB RAM | 4 MB ROM4.57 cm (1.8 inch) Display800 mAh Battery1 Year Manufacturer Warranty,4.2
80,itel it2163s,₹999,"32 MB RAM | 32 MB ROM4.57 cm (1.8 inch) Display0.3MP Rear Camera1200 mAh Battery12+1 Months Warranty for device  (Special offer) 
6 months for accessories",4.1
81,itel It2171,"₹1,099","32 MB RAM | 32 MB ROM4.57 cm (1.8 inch) Display0.3MP Rear Camera1000 mAh Battery100 Days Replacement Warranty, 1 year warranty for Handset & 6 Months Warranty for Accessories",4.1
82,Kechaoda K112,"₹1,480",32 MB RAM | 64 MB ROM | Expandable Upto 32 GB6.1 cm (2.4 inch) QVGA Display0.3MP Rear Camera3600 mAh Battery1 Year Manufacturer Warranty,4
83,itel it2163s,₹999,"32 MB RAM | 32 MB ROM4.57 cm (1.8 inch) Display0.3MP Rear Camera1200 mAh Battery12+1 Months Warranty for device  (Special offer) 
6 months for accessories",4.1
84,Micromax X415,₹947,32 MB RAM | 32 MB ROM4.5 cm (1.77 inch) Display0.03MP Rear Camera1000 mAh Battery1 Year Manufacturer Warranty,3.8
85,Kechaoda K115,"₹1,170",32 MB RAM | 32 MB ROM3.66 cm (1.44 inch) QVGA Display0.3MP Rear Camera850 mAh Battery1 Year Company Warranty,4.1
86,"vivo T1 44W (Starry Sky, 128 GB)","₹17,999",8 GB RAM | 128 GB ROM | Expandable Upto 1 TB16.36 cm (6.44 inch) Full HD+ AMOLED Display50MP + 2MP + 2MP | 16MP Front Camera5000 mAh Lithium BatteryQualcomm Snapdragon 680 Processor1 Year Handset and 6 Months Accessories,4.3
87,Kechaoda A27,₹999,32 MB RAM | 32 MB ROM | Expandable Upto 16 GB1.68 cm (0.66 inch) Display800 mAh Battery1 Year Warranty,4
88,Kechaoda A27,₹999,32 MB RAM | 32 MB ROM | Expandable Upto 16 GB1.68 cm (0.66 inch) Display800 mAh Battery1 Year Warranty,4
89,LAVA A1,"₹1,129",24 MB RAM | 24 MB ROM | Expandable Upto 32 GB4.5 cm (1.77 inch) Quarter QVGA Display0.3MP Rear Camera800 mAh Battery1 Year Replacement Guarantee for Phone and 6 Months Replacement Guarantee for Accessories in Box (T&C Apply),4.2
90,DIZO Star 300,"₹1,299",32 MB RAM | 32 MB ROM | Expandable Upto 64 GB4.5 cm (1.77 inch) Quarter QVGA Display0.3MP Rear Camera2550 mAh BatterySC6531E Processor1 Year Warranty,3.9
91,I Kall K3310,₹749,32 MB RAM | 32 MB ROM4.5 cm (1.77 inch) Display0.3MP Rear Camera1000 mAh Battery1 Year warranty for device and 6 Months for box accessories,3.6
92,Micromax X809,"₹1,276",32 MB RAM | 32 MB ROM7.11 cm (2.8 inch) Display1MP Rear Camera1000 mAh Battery1 Year Warranty,3.8
93,SAMSUNG Guru Music 2,"₹2,499",0.53 RAM | NA KB ROM | Expandable Upto 16 GB5.08 cm (2 inch) QVGA Display0MP Front Camera800 mAh BatteryNA 0 Single Core 208MHz Processor1 Year Manufacturer Warranty,4.1
94,"IQOO Neo 6 5G (Cyber Rage, 128 GB)","₹30,590",8 GB RAM | 128 GB ROM16.81 cm (6.62 inch) Display64MP + 64MP + 8MP + 2MP | 16MP + 16MP Dual Front Camera4700 mAh Battery1 Year,4.4
95,"IQOO 9 SE 5G (Sunset Sierra, 128 GB)","₹30,999",8 GB RAM | 128 GB ROM16.81 cm (6.62 inch) Display48MP + 48MP + 13MP + 2MP | 16MP + 16MP Dual Front Camera4500 mAh Battery1 Year,4.1
96,Cellecor E8 Plus,"₹1,396",32 MB RAM | 32 MB ROM6.1 cm (2.4 inch) Display0.8MP Rear Camera2750 mAh Battery1 year warranty for device and 6months warranty for accessories,3.7
97,Cellecor E6+,"₹1,236",32 MB RAM | 32 MB ROM4.57 cm (1.8 inch) Display0.8MP Rear Camera2750 mAh Battery1 year warranty for device and 6months warranty for accessories,3.5
98,Micromax X415,₹999,56 MB RAM | 36 MB ROM4.5 cm (1.77 inch) Display0.03MP Rear Camera1000 mAh Battery1 Year Brand Warranty,3.9
99,itel It2171,₹999,"32 MB RAM | 32 MB ROM | Expandable Upto 32 GB4.57 cm (1.8 inch) Quarter QVGA Display0.3MP Rear Camera1000 mAh Battery100 Days Replacement Warranty, 1 year warranty for Handset & 6 Months Warranty for Accessories",4.1
100,GFive L228,"₹1,099",32 MB RAM | 32 MB ROM | Expandable Upto 16 GB7.11 cm (2.8 inch) Display0.3MP Rear Camera3000 mAh Battery1 Year Manufacturer warranty.,3.3
101,Micromax X708,"₹1,315",32 MB RAM | 32 MB ROM6.1 cm (2.4 inch) Display0.3MP Rear Camera1450 mAh BatteryOne Year manufacturer Warranty,3.9
102,GREENBERRI VIRAT,₹799,64 MB RAM | 64 MB ROM | Expandable Upto 32 GB4.57 cm (1.8 inch) Display2MP Rear Camera1000 mAh Battery1 Year For Mobile,3.8
103,Good One 2192,"₹1,099",32 MB RAM | 32 MB ROM | Expandable Upto 32 GB4.57 cm (1.8 inch) Display2MP Rear Camera2500 mAh Battery12 Months Warranty,3.8
104,Nokia 125 TA-1253 DS,"₹2,225",4 MB RAM | 4 MB ROM6.1 cm (2.4 inch) Display1020 mAh Lithium-ion BatteryMediaTek Processor1 Year Manufacturer Warranty for Device and 6 Months Manufacturer Warranty for In-box Accessories Including Batteries from the Date of Purchase,4
105,Kechaoda A26,"₹1,049",32 MB RAM | 32 MB ROM | Expandable Upto 16 GB1.68 cm (0.66 inch) Display800 mAh Battery1 Year Company Warranty,4.1
106,GREENBERRI RAFALE,₹899,32 MB RAM | 32 MB ROM4.57 cm (1.8 inch) Display2MP Rear Camera1000 mAh Battery1 year  domestic warranty,3.9
107,Cellecor E10,"₹1,353",32 MB RAM | 32 MB ROM | Expandable Upto 32 GB6.1 cm (2.4 inch) Display0.8MP Rear Camera2750 mAh Battery1 Year Manufacturer Warranty,3.7
108,LAVA GEM,"₹1,699",0 MB ROM | Expandable Upto 32 GB7.11 cm (2.8 inch) QVGA Display1.3MP Rear Camera1750 mAh BatteryNA Processor1 year manufacturer Replacement for device and 6 months manufacturer warranty for in-box accessories including batteries from the date of purchase,4.2
109,Kechaoda K66 The Music House 4,"₹1,330",32 MB RAM | 64 MB ROM | Expandable Upto 32 GB4.57 cm (1.8 inch) Display1.3MP Rear Camera400 mAh Battery1 Year Brand Service Center Warranty,3.9
110,GFive U220+,₹725,32 MB RAM | 32 MB ROM4.57 cm (1.8 inch) Display0.3MP Rear Camera1000 mAh Battery1 Year Manufacturer warranty.,3.6
111,LAVA Hero 600i,₹899,4 MB RAM | 3 MB ROM | Expandable Upto 32 GB4.57 cm (1.8 inch) QVGA Display620 mAh Battery1 year manufacturer warranty for device and 6 months manufacturer warranty for in-box accessories including batteries from the date of purchase,4
112,Good One G5605N,₹999,32 MB RAM | 32 MB ROM | Expandable Upto 32 GB4.57 cm (1.8 inch) Display2MP Rear Camera2500 mAh Battery12 Months Warranty,3.9
113,Cellecor C60+,"₹1,313",32 MB RAM | 32 MB ROM | Expandable Upto 32 GB4.57 cm (1.8 inch) Display0.8MP Rear Camera2750 mAh Battery1 Year Manufacturer Warranty,3.6
114,Kechaoda A26,"₹1,049",32 MB RAM | 32 MB ROM | Expandable Upto 16 GB1.68 cm (0.66 inch) Display800 mAh Battery1 Year Company Warranty,4.1
115,GFive U106,₹749,32 MB RAM | 64 MB ROM | Expandable Upto 16 GB4.57 cm (1.8 inch) Display0.3MP Rear Camera950 mAh Battery1 Year Manufacturer warranty.,3.5
116,Cellecor E1,"₹1,106",32 MB RAM | 32 MB ROM | Expandable Upto 32 GB4.57 cm (1.8 inch) Display0.8MP Rear Camera1000 mAh Battery1 Year Manufacturer Warranty,3.7
117,Micromax X708,"₹1,302",32 MB RAM | 32 MB ROM6.1 cm (2.4 inch) Display0.3MP Rear Camera1450 mAh BatteryOne Year manufacturer Warranty,3.9
118,Snexian GURU 312,₹699,32 MB RAM | 32 MB ROM | Expandable Upto 16 GB4.57 cm (1.8 inch) Quarter QVGA Display0.3MP Rear Camera800 mAh Battery3 Months Company Warranty,3.4
119,Snexian GURU 312,₹699,32 MB RAM | 32 MB ROM | Expandable Upto 16 GB4.57 cm (1.8 inch) Quarter QVGA Display0.3MP Rear Camera800 mAh Battery3 Months Company Warranty,3.4
120,Micromax X512,"₹1,149",30 MB RAM | 24 MB ROM4.5 cm (1.77 inch) Display1750 mAh Battery1 Year Warranty,4
121,Kechaoda A27,"₹1,040",32 MB RAM | 32 MB ROM | Expandable Upto 16 GB1.68 cm (0.66 inch) Display800 mAh Battery1 Year Warranty,4
122,Cellecor E8 Plus,"₹1,396",32 MB RAM | 32 MB ROM6.1 cm (2.4 inch) Display0.8MP Rear Camera2750 mAh Battery1 year warranty for device and 6months warranty for accessories,3.7
123,Cellecor E6+,"₹1,236",32 MB RAM | 32 MB ROM4.57 cm (1.8 inch) Display0.8MP Rear Camera2750 mAh Battery1 year warranty for device and 6months warranty for accessories,3.5
124,itel it2163s,₹999,"32 MB RAM | 32 MB ROM4.57 cm (1.8 inch) Display0.3MP Rear Camera1200 mAh Battery12+1 Months Warranty for device  (Special offer) 
6 months for accessories",4.1
125,"POCO X5 Pro 5G (Horizon Blue, 128 GB)","₹22,999",6 GB RAM | 128 GB ROM16.94 cm (6.67 inch) Full HD+ Display108MP + 8MP + 2MP | 16MP Front Camera5000 mAh BatteryQualcomm Snapdragon 778G Processor1 Year Manufacturer Warranty for Phone and 6 Months Warranty for in the Box Accessories,4.3
126,GREENBERRI VIRAT,₹799,64 MB RAM | 64 MB ROM | Expandable Upto 32 GB4.57 cm (1.8 inch) Display2MP Rear Camera1000 mAh Battery1 Year For Mobile,3.8
127,Good One 2192,"₹1,099",32 MB RAM | 32 MB ROM | Expandable Upto 32 GB4.57 cm (1.8 inch) Display2MP Rear Camera2500 mAh Battery12 Months Warranty,3.8
128,itel it2163s,₹999,"32 MB RAM | 32 MB ROM4.57 cm (1.8 inch) Display0.3MP Rear Camera1200 mAh Battery12+1 Months Warranty for device  (Special offer) 
6 months for accessories",4.1
129,itel It2171,"₹1,099","32 MB RAM | 32 MB ROM4.57 cm (1.8 inch) Display0.3MP Rear Camera1000 mAh Battery100 Days Replacement Warranty, 1 year warranty for Handset & 6 Months Warranty for Accessories",4.1
130,itel it2163s,₹999,"32 MB RAM | 32 MB ROM4.57 cm (1.8 inch) Display0.3MP Rear Camera1200 mAh Battery12+1 Months Warranty for device  (Special offer) 
6 months for accessories",4.1
131,Kechaoda K112,"₹1,480",32 MB RAM | 64 MB ROM | Expandable Upto 32 GB6.1 cm (2.4 inch) QVGA Display0.3MP Rear Camera3600 mAh Battery1 Year Manufacturer Warranty,4
132,GREENBERRI RAFALE,₹899,32 MB RAM | 32 MB ROM4.57 cm (1.8 inch) Display2MP Rear Camera1000 mAh Battery1 year  domestic warranty,3.9
133,Cellecor E10,"₹1,353",32 MB RAM | 32 MB ROM | Expandable Upto 32 GB6.1 cm (2.4 inch) Display0.8MP Rear Camera2750 mAh Battery1 Year Manufacturer Warranty,3.7
134,"vivo T1 44W (Starry Sky, 128 GB)","₹17,999",8 GB RAM | 128 GB ROM | Expandable Upto 1 TB16.36 cm (6.44 inch) Full HD+ AMOLED Display50MP + 2MP + 2MP | 16MP Front Camera5000 mAh Lithium BatteryQualcomm Snapdragon 680 Processor1 Year Handset and 6 Months Accessories,4.3
135,Micromax X415,₹947,32 MB RAM | 32 MB ROM4.5 cm (1.77 inch) Display0.03MP Rear Camera1000 mAh Battery1 Year Manufacturer Warranty,3.8
136,Good One G5605N,₹999,32 MB RAM | 32 MB ROM | Expandable Upto 32 GB4.57 cm (1.8 inch) Display2MP Rear Camera2500 mAh Battery12 Months Warranty,3.9
137,Cellecor R50,"₹1,456",32 MB RAM | 32 MB ROM | Expandable Upto 32 GB6.1 cm (2.4 inch) Display0.8MP Rear Camera2750 mAh Battery1 Year Manufacturer Warranty,3.9
138,itel Ace 2,₹945,4 MB RAM | 4 MB ROM | Expandable Upto 32 GB4.57 cm (1.8 inch) Quarter QVGA Display0MP Front Camera1000 mAh Lithium Ion BatterySpreadtrum Processor12+1 Month Warranty on Device and 6 Months on Accessories Including Battery,4
139,itel Ace 2,₹945,4 MB RAM | 4 MB ROM | Expandable Upto 32 GB4.57 cm (1.8 inch) Quarter QVGA Display0MP Front Camera1000 mAh Lithium Ion BatterySpreadtrum Processor12 Month Warranty on Device and 6 Months on Accessories Including Battery,4
140,Kechaoda K115,"₹1,170",32 MB RAM | 32 MB ROM3.66 cm (1.44 inch) QVGA Display0.3MP Rear Camera850 mAh Battery1 Year Company Warranty,4.1
141,Kechaoda A27,₹999,32 MB RAM | 32 MB ROM | Expandable Upto 16 GB1.68 cm (0.66 inch) Display800 mAh Battery1 Year Warranty,4
142,Cellecor C60+,"₹1,313",32 MB RAM | 32 MB ROM | Expandable Upto 32 GB4.57 cm (1.8 inch) Display0.8MP Rear Camera2750 mAh Battery1 Year Manufacturer Warranty,3.6
143,Cellecor E1,"₹1,106",32 MB RAM | 32 MB ROM | Expandable Upto 32 GB4.57 cm (1.8 inch) Display0.8MP Rear Camera1000 mAh Battery1 Year Manufacturer Warranty,3.7
144,SAMSUNG Guru Music 2,"₹2,499",0.53 RAM | NA KB ROM | Expandable Upto 16 GB5.08 cm (2 inch) QVGA Display0MP Front Camera800 mAh BatteryNA 0 Single Core 208MHz Processor1 Year Manufacturer Warranty,4.1
145,"SAMSUNG Galaxy S22 Plus 5G (Phantom Black, 128 GB)","₹49,999",8 GB RAM | 128 GB ROM16.76 cm (6.6 inch) Full HD+ Display50MP + 12MP + 10MP | 10MP Front Camera4500 mAh Lithium-ion BatteryQualcomm Snapdragon 8 Gen 1 Processor1 Year Manufacturer Warranty for Device and 6 Months Manufacturer Warranty for In-Box Accessories,4.5
146,SAMSUNG GURU MUSIC 2,"₹2,360",8 MB RAM | 0 GB ROM | Expandable Upto 16 GB5.08 cm (2 inch) QVGA Display0MP | 0MP Front Camera800 mAh Battery0 0 0 208MHz Processor1 Year Manufacturer's Warranty,4.1
147,Cellecor E8 Plus,"₹1,396",32 MB RAM | 32 MB ROM6.1 cm (2.4 inch) Display0.8MP Rear Camera2750 mAh Battery1 year warranty for device and 6months warranty for accessories,3.7
148,Kechaoda K115,"₹1,115",32 MB RAM | 32 MB ROM3.66 cm (1.44 inch) QVGA Display0.3MP Rear Camera850 mAh Battery6 Months,4.1
149,Kechaoda K115,"₹1,160",32 MB RAM | 32 MB ROM3.66 cm (1.44 inch) QVGA Display0.3MP Rear Camera850 mAh Battery6 Months,4.1
150,"POCO X5 Pro 5G (Yellow, 128 GB)","₹22,999",6 GB RAM | 128 GB ROM16.94 cm (6.67 inch) Full HD+ Display108MP + 8MP + 2MP | 16MP Front Camera5000 mAh BatteryQualcomm Snapdragon 778G Processor1 Year Manufacturer Warranty for Phone and 6 Months Warranty for in the Box Accessories,4.3
151,Cellecor E6+,"₹1,236",32 MB RAM | 32 MB ROM4.57 cm (1.8 inch) Display0.8MP Rear Camera2750 mAh Battery1 year warranty for device and 6months warranty for accessories,3.5
152,LAVA A1,"₹1,223",24 MB RAM | 24 MB ROM | Expandable Upto 32 GB4.5 cm (1.77 inch) Quarter QVGA Display0.3MP Rear Camera800 mAh Battery1 Year Warranty,4.2
153,Snexian Rock,"₹1,399",32 MB RAM | 32 MB ROM4.32 cm (1.7 inch) Display0.3MP Rear Camera800 mAh Battery1 Year Brand Warranty,4
154,DIZO Star 300,"₹1,299",32 MB RAM | 32 MB ROM | Expandable Upto 64 GB4.5 cm (1.77 inch) Quarter QVGA Display0.3MP Rear Camera2550 mAh BatterySC6531E Processor1 Year Warranty,3.9
155,GREENBERRI VIRAT,₹799,64 MB RAM | 64 MB ROM | Expandable Upto 32 GB4.57 cm (1.8 inch) Display2MP Rear Camera1000 mAh Battery1 Year For Mobile,3.8
156,"I Kall King Talking, Contact icon and Auto Call Recording",₹774,32 MB RAM | 32 MB ROM4.57 cm (1.8 inch) Display0.3MP Rear Camera1500 mAh Battery1 Year manufacturing warranty for mobile and 6 months for accessories,3.6
157,LAVA A1,"₹1,049",24 MB RAM | 24 MB ROM | Expandable Upto 32 GB4.5 cm (1.77 inch) Quarter QVGA Display0.3MP Rear Camera800 mAh Battery1 year replacement guarantee for phone & 6 months replacement guarantee for accessories in box (T&C apply),4.2
158,"Infinix Zero 5G 2023 (Submariner Black, 128 GB)","₹16,599",8 GB RAM | 128 GB ROM | Expandable Upto 256 GB17.22 cm (6.78 inch) Full HD+ Display50MP + 2MP + 2MP | 16MP Front Camera5000 mAh Lithium-ion Polymer BatteryMediatek Dimensity 920 Processor1 Year on Handset and 6 Months on Accessories,4.1
159,Good One 2192,"₹1,099",32 MB RAM | 32 MB ROM | Expandable Upto 32 GB4.57 cm (1.8 inch) Display2MP Rear Camera2500 mAh Battery12 Months Warranty,3.8
160,SAMSUNG Guru Music 2,"₹2,499",NA ROM5.08 cm (2 inch) NA Display800 mAh Battery0 0 0 208MHz Processor1 Year Manufacturer Warranty,4.3
161,Motorola a70,"₹1,899",4 MB RAM | 4 MB ROM | Expandable Upto 32 GB6.1 cm (2.4 inch) Quarter QVGA Display1750 mAh Battery2 Year Replacement,4
162,Nokia 105 SS 2021,"₹1,449",4 MB RAM | 4 MB ROM4.5 cm (1.77 inch) Quarter QVGA Display800 mAh Lithium Ion BatteryBrand Warranty of 1 Year Available for Mobile,4.2
163,GREENBERRI RAFALE,₹899,32 MB RAM | 32 MB ROM4.57 cm (1.8 inch) Display2MP Rear Camera1000 mAh Battery1 year  domestic warranty,3.9
164,Eunity Radium,₹649,16 MB RAM | 16 MB ROM | Expandable Upto 16 GB4.5 cm (1.77 inch) Display0.3MP Rear Camera1000 mAh Battery7 Day Replacement,3.3
165,Micromax X512,"₹1,135",56 MB RAM | 24 MB ROM4.5 cm (1.77 inch) Display0.3MP Rear Camera1750 mAh Battery1 Year Warranty,3.9
166,Micromax X778,"₹1,567",32 MB RAM | 32 MB ROM6.1 cm (2.4 inch) Display0.3MP Rear Camera2700 mAh BatteryOne Year manufacturer Warranty,3.9
167,Cellecor E10,"₹1,353",32 MB RAM | 32 MB ROM | Expandable Upto 32 GB6.1 cm (2.4 inch) Display0.8MP Rear Camera2750 mAh Battery1 Year Manufacturer Warranty,3.7
168,Kechaoda K115,"₹1,149",32 MB RAM | 32 MB ROM3.66 cm (1.44 inch) QVGA Display0.3MP Rear Camera850 mAh Battery6 Months,4.1
169,Good One 2192,"₹1,099",32 MB RAM | 32 MB ROM | Expandable Upto 32 GB4.57 cm (1.8 inch) Display2MP Rear Camera2500 mAh Battery12 Months Warranty,3.8
170,LAVA A5,"₹1,478",32 MB RAM | 24 MB ROM | Expandable Upto 32 GB6.1 cm (2.4 inch) QVGA Display0.3MP Rear Camera1000 mAh Li-ion BatteryBrand Warranty of 1 Year Available for Mobile and 6 Months for Battery and Accessories,4.1
171,itel IT5026,"₹1,335",4 MB RAM | 4 MB ROM | Expandable Upto 32 GB6.1 cm (2.4 inch) Display2MP Rear Camera1200 mAh Lithium-ion BatterySC6531E Processor1 Year Manufacturer Warranty for Device and 6 Months Manufacturer Warranty for In-box Accessories Including Batteries from the Date of Purchase,4
172,Good One G5605N,₹999,32 MB RAM | 32 MB ROM | Expandable Upto 32 GB4.57 cm (1.8 inch) Display2MP Rear Camera2500 mAh Battery12 Months Warranty,3.9
173,Cellecor E8 Plus,"₹1,396",32 MB RAM | 32 MB ROM6.1 cm (2.4 inch) Display0.8MP Rear Camera2750 mAh Battery1 year warranty for device and 6months warranty for accessories,3.7
174,KARBONN Y1,₹998,32 MB RAM | 32 MB ROM | Expandable Upto 32 GB4.57 cm (1.8 inch) Quarter QVGA Display0.3MP Rear Camera800 mAh Battery1 Year Brand Warranty,3.9
175,"I Kall King Talking, Contact icon and Auto Call Recording",₹844,32 MB RAM | 64 MB ROM6.1 cm (2.4 inch) Display0.3MP Rear Camera1000 mAh Battery12 Month Manufacturer Warranty,3.6
176,Cellecor E6+,"₹1,236",32 MB RAM | 32 MB ROM4.57 cm (1.8 inch) Display0.8MP Rear Camera2750 mAh Battery1 year warranty for device and 6months warranty for accessories,3.5
177,GREENBERRI VIRAT,₹799,64 MB RAM | 64 MB ROM | Expandable Upto 32 GB4.57 cm (1.8 inch) Display2MP Rear Camera1000 mAh Battery1 Year For Mobile,3.8
178,Kechaoda K60,"₹1,849",32 MB RAM | 32 MB ROM | Expandable Upto 16 GB6.1 cm (2.4 inch) QVGA Display0.3MP Rear Camera | 0.3MP Front Camera3600 mAh Battery1 Year Manufacturer Warranty,4.1
179,itel it2175,"₹1,135",4 MB RAM | 4 MB ROM | Expandable Upto 32 GB4.57 cm (1.8 inch) Quarter QVGA Display0.3MP Rear Camera1200 mAh Lithium Ion Battery12 + 1 Month Warranty | 111 Days Replacement Offer (Special Offer),4
180,itel it2175,"₹1,135",4 MB RAM | 4 MB ROM | Expandable Upto 32 GB4.57 cm (1.8 inch) Quarter QVGA Display0.3MP Rear Camera1200 mAh Lithium Ion Battery12 + 1 Month Warranty | 111 Days Replacement Offer (Special Offer),4
181,Kechaoda K60,"₹1,899",32 MB RAM | 32 MB ROM | Expandable Upto 16 GB6.1 cm (2.4 inch) QVGA Display0.3MP Rear Camera | 0.3MP Front Camera3600 mAh Battery1 Year Manufacturer Warranty,4.1
182,GREENBERRI RAFALE,₹899,32 MB RAM | 32 MB ROM4.57 cm (1.8 inch) Display2MP Rear Camera1000 mAh Battery1 YEAR DOMESTIC WARRANTY,3.9
183,Cellecor E10,"₹1,353",32 MB RAM | 32 MB ROM | Expandable Upto 32 GB6.1 cm (2.4 inch) Display0.8MP Rear Camera2750 mAh Battery1 Year Manufacturer Warranty,3.7
184,Kechaoda A27,"₹1,060",32 MB RAM | 32 MB ROM | Expandable Upto 16 GB1.68 cm (0.66 inch) Display800 mAh Battery1 Year Warranty,4
185,itel it5026,"₹1,335",4 MB RAM | 4 MB ROM6.1 cm (2.4 inch) Display2MP Rear Camera1200 mAh Battery1 Year Manufacturer Warranty on handset and six month of accessories,4
186,Cellecor E7,"₹1,327",32 MB RAM | 32 MB ROM6.1 cm (2.4 inch) Display0.8MP Rear Camera2750 mAh Battery1 year warranty for device and 6months warranty for accessories,3.2
187,Cellecor R50,"₹1,456",32 MB RAM | 32 MB ROM | Expandable Upto 32 GB6.1 cm (2.4 inch) Display0.8MP Rear Camera2750 mAh Battery1 Year Manufacturer Warranty,3.9
188,Nokia 110 DS,"₹1,785",4 MB RAM | 32 MB ROM4.5 cm (1.77 inch) Display1MP Rear Camera800 mAh Battery1 Year,4
189,itel it2163s,"₹1,040","32 MB RAM | 32 MB ROM4.57 cm (1.8 inch) Display0.3MP Rear Camera1200 mAh Battery12+1 Months Warranty for device  (Special offer) 
6 months for accessories",4.1
190,Kechaoda K60,"₹1,899",32 MB RAM | 32 MB ROM | Expandable Upto 16 GB6.1 cm (2.4 inch) QVGA Display0.3MP Rear Camera | 0.3MP Front Camera3600 mAh Battery1 Year Manufacturer Warranty,4.1
191,Jmax J32,₹699,32 MB RAM | 32 MB ROM4.57 cm (1.8 inch) Display2MP Rear Camera1050 mAh Battery1 Year Domestic Warranty,3.8
192,Good One G5605N,₹999,32 MB RAM | 32 MB ROM | Expandable Upto 32 GB4.57 cm (1.8 inch) Display2MP Rear Camera2500 mAh Battery12 Months Warranty,3.9
193,GREENBERRI VIRAT,₹799,64 MB RAM | 64 MB ROM | Expandable Upto 32 GB4.57 cm (1.8 inch) Display2MP Rear Camera1000 mAh Battery1 Year For Mobile,3.8
194,LAVA A7 Star,"₹1,499",24 MB RAM | 32 MB ROM | Expandable Upto 32 GB6.1 cm (2.4 inch) Quarter QVGA Display0.3MP Rear Camera | 0MP Front Camera1800 mAh Lithium Ion Battery1 Year Manufacturer Replacement Guarantee for Phone and 6 Months Replacement for Accessories in the Box,4
195,Snexian Guru 310,₹699,32 MB RAM | 64 MB ROM | Expandable Upto 16 GB4.57 cm (1.8 inch) Quarter QVGA Display0.3MP Rear Camera800 mAh Battery3 Months Company Warranty,3.3
196,GREENBERRI RAFALE,₹899,32 MB RAM | 32 MB ROM4.57 cm (1.8 inch) Display2MP Rear Camera1000 mAh Battery1 YEAR DOMESTIC WARRANTY,3.9
197,Good One 2192,"₹1,099",32 MB RAM | 32 MB ROM | Expandable Upto 32 GB4.57 cm (1.8 inch) Display2MP Rear Camera2500 mAh Battery12 Months Warranty,3.8
198,Snexian Guru 310,₹699,32 MB RAM | 64 MB ROM | Expandable Upto 16 GB4.57 cm (1.8 inch) NA Display0.3MP Rear Camera800 mAh Battery1 Year Manufacturer Warranty,3.3
199,"Infinix Zero 20 (Glitter Gold, 128 GB)","₹16,999",8 GB RAM | 128 GB ROM | Expandable Upto 2 TB17.02 cm (6.7 inch) Full HD+ Display108MP + 13MP + 2MP | 60 MP with OIS4500 mAh Lithium-ion Polymer BatteryMediatek G99 Processor1 Year on Handset and 6 Months on Accessories,4.2
200,KARBONN K31 Star,"₹1,190",35 MB RAM | 32 MB ROM6.1 cm (2.4 inch) HVGA Display0.03MP Rear Camera1800 mAh Battery1 year handset and 6 Month Box Accessories,3.8
201,Cellecor E8 Plus,"₹1,396",32 MB RAM | 32 MB ROM6.1 cm (2.4 inch) Display0.8MP Rear Camera2750 mAh Battery1 year warranty for device and 6months warranty for accessories,3.7
202,Kechaoda K28,"₹1,275",32 MB RAM | 64 MB ROM | Expandable Upto 16 GB6.1 cm (2.4 inch) QVGA Display0.3MP Rear Camera1700 mAh Battery1 Year Manufacturer Warranty,4.1
203,LAVA A1,"₹1,199",4 MB RAM | 24 MB ROM | Expandable Upto 32 GB4.5 cm (1.77 inch) Display0.3MP Rear Camera800 mAh Battery1 Year Replacement Guarantee for Phone and 6 Months Replacement Guarantee for Accessories in Box (T&C apply),4.2
204,LAVA LF9000,"₹1,689",20 MB RAM | 20 MB ROM7.11 cm (2.8 inch) Quarter QVGA Display2575 mAh Battery1 year manufacturer replacement guarantee for Phone and 6 months replacement for accessories in the box,4.2
205,"Tecno Pop 5 Pro (Deepsea Luster, 32 GB)","₹6,997","3 GB RAM | 32 GB ROM | Expandable Upto 256 GB16.56 cm (6.52 inch) HD+ Display8MP Rear Camera | 5MP Front Camera6000 mAh BatteryHelio A22 ProcessorOne Year Warranty for Handset, 6 Months for Accessories",4.2
206,KARBONN KX3,₹997,32 MB RAM | 32 MB ROM | Expandable Upto 32 GB4.57 cm (1.8 inch) Quarter QVGA Display0.3MP Rear Camera800 mAh Battery1 Year Brand Warranty,3.9
207,Cellecor X50+,"₹1,439",32 MB RAM | 32 MB ROM7.11 cm (2.8 inch) Display0.8MP Rear Camera2750 mAh Battery1 Year Manufacturer Warranty,3.6
208,Kechaoda A20,₹999,512 MB RAM | 32 MB ROM4.57 cm (1.8 inch) QVGA Display0.3MP Rear Camera1000 mAh Battery1 Year Brand Warranty,3.7
209,KARBONN KX 29,"₹1,538",32 MB RAM | 32 MB ROM | Expandable Upto 32 GB6.1 cm (2.4 inch) Display0.3MP Rear Camera2700 mAh Battery1 Year Manufacturer Warranty on Handset & 6 Months Warranty on Box Accessories,3.8
210,I Kall K100,₹699,32 MB RAM | 32 MB ROM | Expandable Upto 32 MB4.57 cm (1.8 inch) Display1000 mAh Battery1 Year warranty for Mobile and 6 Months for accessories,3.3
211,"vivo Y33s (Midday Dream, 128 GB)","₹16,499",8 GB RAM | 128 GB ROM | Expandable Upto 1 TB16.71 cm (6.58 inch) Full HD+ Display50MP + 2MP + 2MP | 16MP Front Camera5000 mAh Lithium BatteryMediaTek Helio G80 Processor1 Year for Handset and 6 Months for In-box Accessories,4.3
212,itel Power 100 New,"₹1,365",4 MB RAM | 4 MB ROM | Expandable Upto 32 GB4.57 cm (1.8 inch) Display0.3MP Rear Camera2500 mAh Lithium-ion BatterySC6531E Processor1 Year Manufacturer Warranty for Device and 6 Months Manufacturer Warranty for In-box Accessories Including Batteries from the Date of Purchase,4.2
213,LAVA A1 2021,"₹1,129",32 MB RAM | 24 MB ROM | Expandable Upto 32 GB4.5 cm (1.77 inch) Display0.3MP Rear Camera800 mAh Li-ion Battery1 year manufacturer replacement guarantee for Phone and 6 months replacement for accessories in the box,4.1
214,GFive C2 Black,₹980,32 MB RAM | 32 MB ROM4.5 cm (1.77 inch) Display0.3MP Rear Camera400 mAh Battery7 DAYS,3.4
215,Snexian GURU 310,₹699,32 MB RAM | 32 MB ROM4.57 cm (1.8 inch) NA Display1.3MP Rear Camera1000 mAh Battery1 Year Warranty,3.3
216,Cellecor E8 Plus,"₹1,396",32 MB RAM | 32 MB ROM6.1 cm (2.4 inch) Display0.8MP Rear Camera2750 mAh Battery1 year warranty for device and 6months warranty for accessories,3.7
217,Cellecor E6+,"₹1,236",32 MB RAM | 32 MB ROM4.57 cm (1.8 inch) Display0.8MP Rear Camera2750 mAh Battery1 year warranty for device and 6months warranty for accessories,3.5
218,Kechaoda K33,"₹1,120",32 MB RAM | 32 MB ROM3.56 cm (1.4 inch) Display0.3MP Rear Camera800 mAh Battery1 Year Warranty,4
219,Kechaoda K115,"₹1,130",32 MB RAM | 32 MB ROM3.66 cm (1.44 inch) QVGA Display0.3MP Rear Camera850 mAh Battery6 Months,4.1
220,Kechaoda K115,"₹1,120",32 MB RAM | 32 MB ROM3.66 cm (1.44 inch) QVGA Display0.3MP Rear Camera850 mAh Battery6 Months,4.1
221,KARBONN KX3,₹999,32 MB RAM | 32 MB ROM | Expandable Upto 32 GB4.57 cm (1.8 inch) Quarter QVGA Display0.3MP Rear Camera800 mAh Battery1 Year Brand Warranty,3.9
222,GREENBERRI VIRAT,₹799,64 MB RAM | 64 MB ROM | Expandable Upto 32 GB4.57 cm (1.8 inch) Display2MP Rear Camera1000 mAh Battery1 Year For Mobile,3.8
223,Good One 2192,"₹1,099",32 MB RAM | 32 MB ROM | Expandable Upto 32 GB4.57 cm (1.8 inch) Display2MP Rear Camera2500 mAh Battery12 Months Warranty,3.8
224,"MOTOROLA e13 (Aurora Green, 64 GB)","₹6,999",2 GB RAM | 64 GB ROM | Expandable Upto 1 TB16.51 cm (6.5 inch) HD+ Display13MP Rear Camera | 5MP Front Camera5000 mAh BatteryUnisoc T606 Processor1 Year on Handset and 6 Months on Accessories,4
225,Micromax X513+,"₹1,150",32 MB RAM | 32 MB ROM4.5 cm (1.77 inch) Display0.3MP Rear Camera1750 mAh BatteryOne Year manufacturer Warranty,3.8
226,GREENBERRI RAFALE,₹899,32 MB RAM | 32 MB ROM4.57 cm (1.8 inch) Display2MP Rear Camera1000 mAh Battery1 year  domestic warranty,3.9
227,Cellecor E10,"₹1,353",32 MB RAM | 32 MB ROM | Expandable Upto 32 GB6.1 cm (2.4 inch) Display0.8MP Rear Camera2750 mAh Battery1 Year Manufacturer Warranty,3.7
228,Cellecor E8 Plus,"₹1,299",32 MB RAM | 32 MB ROM6.1 cm (2.4 inch) Display0.8MP Rear Camera2750 mAh Battery1 year warranty for device and 6months warranty for accessories,3.7
229,itel it2175,"₹1,135",4 MB RAM | 4 MB ROM | Expandable Upto 32 GB4.57 cm (1.8 inch) Quarter QVGA Display0.3MP Rear Camera1200 mAh Lithium Ion Battery12 + 1 Month Warranty | 111 Days Replacement Offer (Special Offer),4
230,Jmax J30,₹699,32 MB RAM | 32 MB ROM4.57 cm (1.8 inch) Display2MP Rear Camera1050 mAh BatteryDomestic Warranty,3.5
231,itel IT5626,"₹1,735",8 MB RAM | 8 MB ROM | Expandable Upto 32 GB7.11 cm (2.8 inch) QVGA Display0.3MP Rear Camera2500 mAh Lithium ion BatterySC6531C Processor100 Days Replacement with 1 Year of Phone Warranty and 6 Months on Accessories,4
232,Good One G5605N,₹999,32 MB RAM | 32 MB ROM | Expandable Upto 32 GB4.57 cm (1.8 inch) Display2MP Rear Camera2500 mAh Battery12 Months Warranty,3.9
233,Cellecor R50,"₹1,456",32 MB RAM | 32 MB ROM | Expandable Upto 32 GB6.1 cm (2.4 inch) Display0.8MP Rear Camera2750 mAh Battery1 Year Manufacturer Warranty,3.9
234,itel IT5626,"₹1,735",8 MB RAM | 8 MB ROM | Expandable Upto 32 GB7.11 cm (2.8 inch) QVGA Display0.3MP Rear Camera2500 mAh Lithium ion BatterySC6531C Processor100 Days Replacement with 1 Year of Phone Warranty and 6 Months on Accessories,4
235,I Kall K100,₹719,32 MB RAM | 32 MB ROM | Expandable Upto 8 GB4.57 cm (1.8 inch) Display1000 mAh Battery12 Months,3.3
236,Cellecor C60+,"₹1,313",32 MB RAM | 32 MB ROM | Expandable Upto 32 GB4.57 cm (1.8 inch) Display0.8MP Rear Camera2750 mAh Battery1 Year Manufacturer Warranty,3.6
237,Cellecor E1,"₹1,106",32 MB RAM | 32 MB ROM | Expandable Upto 32 GB4.57 cm (1.8 inch) Display0.8MP Rear Camera1000 mAh Battery1 Year Manufacturer Warranty,3.7
238,Kechaoda K115,"₹1,149",32 MB RAM | 32 MB ROM3.66 cm (1.44 inch) QVGA Display0.3MP Rear Camera850 mAh Battery6 Months,4.1
239,LAVA A5,"₹1,478",32 MB RAM | 24 MB ROM | Expandable Upto 32 GB6.1 cm (2.4 inch) QVGA Display0.3MP Rear Camera1000 mAh Li-ion BatteryBrand Warranty of 1 Year Available for Mobile and 6 Months for Battery and Accessories,4.1
